{
    "LinearRegression": [
        0.045652616288600886,
        0.03943676167872575,
        0.034954221105177534,
        0.023315989033902057,
        0.027521087482265158
    ],
    "Lasso": [
        0.04313266963276801,
        0.039321429984880106,
        0.0341654248202636,
        0.023226266005715115,
        0.027479710330986704
    ],
    "Ridge": [
        0.043527562638036116,
        0.039256824780161924,
        0.03459722794343634,
        0.023244102482735805,
        0.027458960934129303
    ],
    "RandomForest": [
        0.0456024261457122,
        0.03999868719333958,
        0.03502363712819744,
        0.023406809927908463,
        0.02805377844270206
    ],
    "XGB": [
        0.04797230978432488,
        0.04248184370788614,
        0.03936558383586407,
        0.025353148414900415,
        0.030903730171065066
    ],
    "ARIMA(5, 1, 0)": [
        0.04359914153666058,
        0.03928936686542705,
        0.04085460977782721,
        0.02306601963686105,
        0.028870864197173555
    ],
    "LSTM": [
        0.04325350746512413,
        0.0391574427485466,
        0.034704066812992096,
        0.024539338424801826,
        0.02761777676641941
    ],
    "Transformer": [
        0.044278085231781006,
        0.04157119244337082,
        0.03571609407663345,
        0.026368753984570503,
        0.028295688331127167
    ]
}